timestamp,frame_name,progress,row,col
7338,opr11dyin_android_productionfluency_010000001,-1,-1,-1
7407,opr11dyin_android_productionfluency_010000002,-1,-1,-1
7470,opr11dyin_android_productionfluency_010000003,-1,-1,-1
7533,opr11dyin_android_productionfluency_010000004,-1,-1,-1
7594,opr11dyin_android_productionfluency_010000005,-1,-1,-1
7655,opr11dyin_android_productionfluency_010000006,-1,-1,-1
7717,opr11dyin_android_productionfluency_010000007,-1,-1,-1
7778,opr11dyin_android_productionfluency_010000008,-1,-1,-1
7840,opr11dyin_android_productionfluency_010000009,-1,-1,-1
7901,opr11dyin_android_productionfluency_010000010,-1,-1,-1
8082,opr11dyin_android_productionfluency_010000011,-1,-1,-1
8260,opr11dyin_android_productionfluency_010000012,-1,-1,-1
8404,opr11dyin_android_productionfluency_010000013,-1,-1,-1
8558,opr11dyin_android_productionfluency_010000014,-1,-1,-1
8702,opr11dyin_android_productionfluency_010000015,-1,-1,-1
8805,opr11dyin_android_productionfluency_010000016,-1,-1,-1
8908,opr11dyin_android_productionfluency_010000017,-1,-1,-1
9012,opr11dyin_android_productionfluency_010000018,-1,-1,-1
9115,opr11dyin_android_productionfluency_010000019,-1,-1,-1
9176,opr11dyin_android_productionfluency_010000020,-1,-1,-1
9281,opr11dyin_android_productionfluency_010000021,-1,-1,-1
9385,opr11dyin_android_productionfluency_010000022,-1,-1,-1
9449,opr11dyin_android_productionfluency_010000023,-1,-1,-1
9510,opr11dyin_android_productionfluency_010000024,-1,-1,-1
9575,opr11dyin_android_productionfluency_010000025,-1,-1,-1
9639,opr11dyin_android_productionfluency_010000026,-1,-1,-1
9711,opr11dyin_android_productionfluency_010000027,-1,-1,-1
9774,opr11dyin_android_productionfluency_010000028,-1,-1,-1
9837,opr11dyin_android_productionfluency_010000029,-1,-1,-1
9900,opr11dyin_android_productionfluency_010000030,-1,-1,-1
9962,opr11dyin_android_productionfluency_010000031,-1,-1,-1
10025,opr11dyin_android_productionfluency_010000032,-1,-1,-1
10089,opr11dyin_android_productionfluency_010000033,-1,-1,-1
10152,opr11dyin_android_productionfluency_010000034,-1,-1,-1
10216,opr11dyin_android_productionfluency_010000035,-1,-1,-1
10287,opr11dyin_android_productionfluency_010000036,-1,-1,-1
10356,opr11dyin_android_productionfluency_010000037,-1,-1,-1
10426,opr11dyin_android_productionfluency_010000038,-1,-1,-1
10532,opr11dyin_android_productionfluency_010000039,-1,-1,-1
10596,opr11dyin_android_productionfluency_010000040,-1,-1,-1
10663,opr11dyin_android_productionfluency_010000041,-1,-1,-1
10746,opr11dyin_android_productionfluency_010000042,-1,-1,-1
10826,opr11dyin_android_productionfluency_010000043,-1,-1,-1
10939,opr11dyin_android_productionfluency_010000044,-1,-1,-1
11004,opr11dyin_android_productionfluency_010000045,-1,-1,-1
11110,opr11dyin_android_productionfluency_010000046,-1,-1,-1
11216,opr11dyin_android_productionfluency_010000047,-1,-1,-1
11277,opr11dyin_android_productionfluency_010000048,-1,-1,-1
11382,opr11dyin_android_productionfluency_010000049,-1,-1,-1
11445,opr11dyin_android_productionfluency_010000050,-1,-1,-1
11515,opr11dyin_android_productionfluency_010000051,-1,-1,-1
11594,opr11dyin_android_productionfluency_010000052,-1,-1,-1
11663,opr11dyin_android_productionfluency_010000053,-1,-1,-1
11791,opr11dyin_android_productionfluency_010000054,-1,-1,-1
11862,opr11dyin_android_productionfluency_010000055,-1,-1,-1
11938,opr11dyin_android_productionfluency_010000056,-1,-1,-1
12014,opr11dyin_android_productionfluency_010000057,-1,-1,-1
12079,opr11dyin_android_productionfluency_010000058,-1,-1,-1
12152,opr11dyin_android_productionfluency_010000059,-1,-1,-1
12230,opr11dyin_android_productionfluency_010000060,-1,-1,-1
12301,opr11dyin_android_productionfluency_010000061,-1,-1,-1
12377,opr11dyin_android_productionfluency_010000062,-1,-1,-1
12451,opr11dyin_android_productionfluency_010000063,-1,-1,-1
12574,opr11dyin_android_productionfluency_010000064,-1,-1,-1
12646,opr11dyin_android_productionfluency_010000065,-1,-1,-1
12712,opr11dyin_android_productionfluency_010000066,-1,-1,-1
12826,opr11dyin_android_productionfluency_010000067,-1,-1,-1
12937,opr11dyin_android_productionfluency_010000068,-1,-1,-1
13045,opr11dyin_android_productionfluency_010000069,-1,-1,-1
13110,opr11dyin_android_productionfluency_010000070,-1,-1,-1
13178,opr11dyin_android_productionfluency_010000071,-1,-1,-1
13242,opr11dyin_android_productionfluency_010000072,-1,-1,-1
13306,opr11dyin_android_productionfluency_010000073,-1,-1,-1
13372,opr11dyin_android_productionfluency_010000074,-1,-1,-1
13435,opr11dyin_android_productionfluency_010000075,-1,-1,-1
13501,opr11dyin_android_productionfluency_010000076,-1,-1,-1
13566,opr11dyin_android_productionfluency_010000077,-1,-1,-1
13628,opr11dyin_android_productionfluency_010000078,-1,-1,-1
13735,opr11dyin_android_productionfluency_010000079,-1,-1,-1
13874,opr11dyin_android_productionfluency_010000080,-1,-1,-1
14007,opr11dyin_android_productionfluency_010000081,-1,-1,-1
14120,opr11dyin_android_productionfluency_010000082,-1,-1,-1
14274,opr11dyin_android_productionfluency_010000083,-1,-1,-1
14420,opr11dyin_android_productionfluency_010000084,-1,-1,-1
14609,opr11dyin_android_productionfluency_010000085,-1,-1,-1
14796,opr11dyin_android_productionfluency_010000086,-1,-1,-1
14977,opr11dyin_android_productionfluency_010000087,-1,-1,-1
15087,opr11dyin_android_productionfluency_010000088,-1,-1,-1
15195,opr11dyin_android_productionfluency_010000089,-1,-1,-1
15301,opr11dyin_android_productionfluency_010000090,-1,-1,-1
15407,opr11dyin_android_productionfluency_010000091,-1,-1,-1
15515,opr11dyin_android_productionfluency_010000092,-1,-1,-1
15622,opr11dyin_android_productionfluency_010000093,-1,-1,-1
15728,opr11dyin_android_productionfluency_010000094,-1,-1,-1
15832,opr11dyin_android_productionfluency_010000095,-1,-1,-1
15936,opr11dyin_android_productionfluency_010000096,-1,-1,-1
16041,opr11dyin_android_productionfluency_010000097,-1,-1,-1
16143,opr11dyin_android_productionfluency_010000098,-1,-1,-1
16246,opr11dyin_android_productionfluency_010000099,-1,-1,-1
16383,opr11dyin_android_productionfluency_010000100,-1,-1,-1
16593,opr11dyin_android_productionfluency_010000101,-1,-1,-1
16783,opr11dyin_android_productionfluency_010000102,-1,-1,-1
17021,opr11dyin_android_productionfluency_010000103,-1,-1,-1
17209,opr11dyin_android_productionfluency_010000104,-1,-1,-1
17345,opr11dyin_android_productionfluency_010000105,-1,-1,-1
17482,opr11dyin_android_productionfluency_010000106,-1,-1,-1
17609,opr11dyin_android_productionfluency_010000107,-1,-1,-1
17746,opr11dyin_android_productionfluency_010000108,-1,-1,-1
17879,opr11dyin_android_productionfluency_010000109,-1,-1,-1
18006,opr11dyin_android_productionfluency_010000110,-1,-1,-1
18088,opr11dyin_android_productionfluency_010000111,-1,-1,-1
18159,opr11dyin_android_productionfluency_010000112,-1,-1,-1
18231,opr11dyin_android_productionfluency_010000113,-1,-1,-1
18307,opr11dyin_android_productionfluency_010000114,-1,-1,-1
18377,opr11dyin_android_productionfluency_010000115,-1,-1,-1
18457,opr11dyin_android_productionfluency_010000116,-1,-1,-1
18577,opr11dyin_android_productionfluency_010000117,-1,-1,-1
18655,opr11dyin_android_productionfluency_010000118,-1,-1,-1
18771,opr11dyin_android_productionfluency_010000119,-1,-1,-1
18892,opr11dyin_android_productionfluency_010000120,-1,-1,-1
18962,opr11dyin_android_productionfluency_010000121,-1,-1,-1
19092,opr11dyin_android_productionfluency_010000122,-1,-1,-1
19160,opr11dyin_android_productionfluency_010000123,-1,-1,-1
19289,opr11dyin_android_productionfluency_010000124,-1,-1,-1
19406,opr11dyin_android_productionfluency_010000125,-1,-1,-1
19528,opr11dyin_android_productionfluency_010000126,-1,-1,-1
19605,opr11dyin_android_productionfluency_010000127,-1,-1,-1
19678,opr11dyin_android_productionfluency_010000128,-1,-1,-1
19754,opr11dyin_android_productionfluency_010000129,-1,-1,-1
19876,opr11dyin_android_productionfluency_010000130,-1,-1,-1
19993,opr11dyin_android_productionfluency_010000131,-1,-1,-1
20074,opr11dyin_android_productionfluency_010000132,-1,-1,-1
20192,opr11dyin_android_productionfluency_010000133,-1,-1,-1
20261,opr11dyin_android_productionfluency_010000134,-1,-1,-1
20376,opr11dyin_android_productionfluency_010000135,-1,-1,-1
20503,opr11dyin_android_productionfluency_010000136,-1,-1,-1
20574,opr11dyin_android_productionfluency_010000137,-1,-1,-1
20650,opr11dyin_android_productionfluency_010000138,-1,-1,-1
20773,opr11dyin_android_productionfluency_010000139,-1,-1,-1
20849,opr11dyin_android_productionfluency_010000140,-1,-1,-1
20971,opr11dyin_android_productionfluency_010000141,-1,-1,-1
21095,opr11dyin_android_productionfluency_010000142,-1,-1,-1
21224,opr11dyin_android_productionfluency_010000143,-1,-1,-1
21341,opr11dyin_android_productionfluency_010000144,-1,-1,-1
21462,opr11dyin_android_productionfluency_010000145,-1,-1,-1
21581,opr11dyin_android_productionfluency_010000146,-1,-1,-1
21661,opr11dyin_android_productionfluency_010000147,-1,-1,-1
21732,opr11dyin_android_productionfluency_010000148,-1,-1,-1
21809,opr11dyin_android_productionfluency_010000149,-1,-1,-1
21883,opr11dyin_android_productionfluency_010000150,-1,-1,-1
21958,opr11dyin_android_productionfluency_010000151,-1,-1,-1
22045,opr11dyin_android_productionfluency_010000152,-1,-1,-1
22121,opr11dyin_android_productionfluency_010000153,-1,-1,-1
22194,opr11dyin_android_productionfluency_010000154,-1,-1,-1
22321,opr11dyin_android_productionfluency_010000155,-1,-1,-1
22394,opr11dyin_android_productionfluency_010000156,-1,-1,-1
22478,opr11dyin_android_productionfluency_010000157,-1,-1,-1
22548,opr11dyin_android_productionfluency_010000158,-1,-1,-1
22628,opr11dyin_android_productionfluency_010000159,-1,-1,-1
22750,opr11dyin_android_productionfluency_010000160,-1,-1,-1
22830,opr11dyin_android_productionfluency_010000161,-1,-1,-1
22907,opr11dyin_android_productionfluency_010000162,-1,-1,-1
23027,opr11dyin_android_productionfluency_010000163,-1,-1,-1
23145,opr11dyin_android_productionfluency_010000164,-1,-1,-1
23271,opr11dyin_android_productionfluency_010000165,-1,-1,-1
23389,opr11dyin_android_productionfluency_010000166,-1,-1,-1
23462,opr11dyin_android_productionfluency_010000167,-1,-1,-1
23541,opr11dyin_android_productionfluency_010000168,-1,-1,-1
23617,opr11dyin_android_productionfluency_010000169,-1,-1,-1
23690,opr11dyin_android_productionfluency_010000170,-1,-1,-1
23810,opr11dyin_android_productionfluency_010000171,-1,-1,-1
23930,opr11dyin_android_productionfluency_010000172,-1,-1,-1
24053,opr11dyin_android_productionfluency_010000173,-1,-1,-1
24180,opr11dyin_android_productionfluency_010000174,-1,-1,-1
24361,opr11dyin_android_productionfluency_010000175,-1,-1,-1
24534,opr11dyin_android_productionfluency_010000176,-1,-1,-1
24714,opr11dyin_android_productionfluency_010000177,-1,-1,-1
24935,opr11dyin_android_productionfluency_010000178,-1,-1,-1
25063,opr11dyin_android_productionfluency_010000179,-1,-1,-1
25187,opr11dyin_android_productionfluency_010000180,-1,-1,-1
25322,opr11dyin_android_productionfluency_010000181,-1,-1,-1
25462,opr11dyin_android_productionfluency_010000182,-1,-1,-1
25582,opr11dyin_android_productionfluency_010000183,-1,-1,-1
25702,opr11dyin_android_productionfluency_010000184,-1,-1,-1
25807,opr11dyin_android_productionfluency_010000185,-1,-1,-1
25914,opr11dyin_android_productionfluency_010000186,-1,-1,-1
26022,opr11dyin_android_productionfluency_010000187,-1,-1,-1
26142,opr11dyin_android_productionfluency_010000188,-1,-1,-1
26251,opr11dyin_android_productionfluency_010000189,-1,-1,-1
26356,opr11dyin_android_productionfluency_010000190,-1,-1,-1
26486,opr11dyin_android_productionfluency_010000191,-1,-1,-1
26624,opr11dyin_android_productionfluency_010000192,-1,-1,-1
26766,opr11dyin_android_productionfluency_010000193,-1,-1,-1
26960,opr11dyin_android_productionfluency_010000194,-1,-1,-1
27156,opr11dyin_android_productionfluency_010000195,-1,-1,-1
27302,opr11dyin_android_productionfluency_010000196,-1,-1,-1
27408,opr11dyin_android_productionfluency_010000197,-1,-1,-1
27524,opr11dyin_android_productionfluency_010000198,-1,-1,-1
27677,opr11dyin_android_productionfluency_010000199,-1,-1,-1
28464,opr11dyin_android_productionfluency_010000200,-1,-1,-1
29072,opr11dyin_android_productionfluency_010000201,-1,-1,-1
29183,opr11dyin_android_productionfluency_010000202,-1,-1,-1
29297,opr11dyin_android_productionfluency_010000203,-1,-1,-1
29367,opr11dyin_android_productionfluency_010000204,-1,-1,-1
29479,opr11dyin_android_productionfluency_010000205,-1,-1,-1
29589,opr11dyin_android_productionfluency_010000206,-1,-1,-1
29653,opr11dyin_android_productionfluency_010000207,-1,-1,-1
29718,opr11dyin_android_productionfluency_010000208,-1,-1,-1
29785,opr11dyin_android_productionfluency_010000209,-1,-1,-1
29850,opr11dyin_android_productionfluency_010000210,-1,-1,-1
29916,opr11dyin_android_productionfluency_010000211,-1,-1,-1
29981,opr11dyin_android_productionfluency_010000212,-1,-1,-1
30089,opr11dyin_android_productionfluency_010000213,-1,-1,-1
30195,opr11dyin_android_productionfluency_010000214,-1,-1,-1
30306,opr11dyin_android_productionfluency_010000215,-1,-1,-1
30418,opr11dyin_android_productionfluency_010000216,-1,-1,-1
30523,opr11dyin_android_productionfluency_010000217,-1,-1,-1
30627,opr11dyin_android_productionfluency_010000218,-1,-1,-1
30751,opr11dyin_android_productionfluency_010000219,-1,-1,-1
30898,opr11dyin_android_productionfluency_010000220,-1,-1,-1
31002,opr11dyin_android_productionfluency_010000221,-1,-1,-1
31113,opr11dyin_android_productionfluency_010000222,-1,-1,-1
31271,opr11dyin_android_productionfluency_010000223,-1,-1,-1
31376,opr11dyin_android_productionfluency_010000224,-1,-1,-1
31480,opr11dyin_android_productionfluency_010000225,-1,-1,-1
31586,opr11dyin_android_productionfluency_010000226,-1,-1,-1
31647,opr11dyin_android_productionfluency_010000227,-1,-1,-1
31752,opr11dyin_android_productionfluency_010000228,-1,-1,-1
31857,opr11dyin_android_productionfluency_010000229,-1,-1,-1
31962,opr11dyin_android_productionfluency_010000230,-1,-1,-1
32066,opr11dyin_android_productionfluency_010000231,-1,-1,-1
32169,opr11dyin_android_productionfluency_010000232,-1,-1,-1
32272,opr11dyin_android_productionfluency_010000233,-1,-1,-1
32377,opr11dyin_android_productionfluency_010000234,-1,-1,-1
32481,opr11dyin_android_productionfluency_010000235,-1,-1,-1
32585,opr11dyin_android_productionfluency_010000236,-1,-1,-1
32688,opr11dyin_android_productionfluency_010000237,-1,-1,-1
32793,opr11dyin_android_productionfluency_010000238,-1,-1,-1
32902,opr11dyin_android_productionfluency_010000239,-1,-1,-1
33004,opr11dyin_android_productionfluency_010000240,-1,-1,-1
33068,opr11dyin_android_productionfluency_010000241,-1,-1,-1
33171,opr11dyin_android_productionfluency_010000242,-1,-1,-1
33274,opr11dyin_android_productionfluency_010000243,-1,-1,-1
33388,opr11dyin_android_productionfluency_010000244,-1,-1,-1
33517,opr11dyin_android_productionfluency_010000245,-1,-1,-1
33580,opr11dyin_android_productionfluency_010000246,-1,-1,-1
33684,opr11dyin_android_productionfluency_010000247,-1,-1,-1
33787,opr11dyin_android_productionfluency_010000248,-1,-1,-1
33907,opr11dyin_android_productionfluency_010000249,-1,-1,-1
34028,opr11dyin_android_productionfluency_010000250,-1,-1,-1
34132,opr11dyin_android_productionfluency_010000251,-1,-1,-1
34194,opr11dyin_android_productionfluency_010000252,-1,-1,-1
34309,opr11dyin_android_productionfluency_010000253,-1,-1,-1
34414,opr11dyin_android_productionfluency_010000254,-1,-1,-1
34518,opr11dyin_android_productionfluency_010000255,-1,-1,-1
34623,opr11dyin_android_productionfluency_010000256,-1,-1,-1
34724,opr11dyin_android_productionfluency_010000257,-1,-1,-1
34825,opr11dyin_android_productionfluency_010000258,-1,-1,-1
34891,opr11dyin_android_productionfluency_010000259,-1,-1,-1
34994,opr11dyin_android_productionfluency_010000260,-1,-1,-1
35097,opr11dyin_android_productionfluency_010000261,-1,-1,-1
35200,opr11dyin_android_productionfluency_010000262,-1,-1,-1
35306,opr11dyin_android_productionfluency_010000263,-1,-1,-1
35407,opr11dyin_android_productionfluency_010000264,-1,-1,-1
35515,opr11dyin_android_productionfluency_010000265,-1,-1,-1
35667,opr11dyin_android_productionfluency_010000266,-1,-1,-1
35817,opr11dyin_android_productionfluency_010000267,-1,-1,-1
36008,opr11dyin_android_productionfluency_010000268,-1,-1,-1
36208,opr11dyin_android_productionfluency_010000269,-1,-1,-1
36386,opr11dyin_android_productionfluency_010000270,-1,-1,-1
36491,opr11dyin_android_productionfluency_010000271,-1,-1,-1
36596,opr11dyin_android_productionfluency_010000272,-1,-1,-1
36703,opr11dyin_android_productionfluency_010000273,-1,-1,-1
36809,opr11dyin_android_productionfluency_010000274,-1,-1,-1
36917,opr11dyin_android_productionfluency_010000275,-1,-1,-1
37024,opr11dyin_android_productionfluency_010000276,-1,-1,-1
37127,opr11dyin_android_productionfluency_010000277,-1,-1,-1
37229,opr11dyin_android_productionfluency_010000278,-1,-1,-1
37333,opr11dyin_android_productionfluency_010000279,-1,-1,-1
37437,opr11dyin_android_productionfluency_010000280,-1,-1,-1
37540,opr11dyin_android_productionfluency_010000281,-1,-1,-1
37643,opr11dyin_android_productionfluency_010000282,-1,-1,-1
37748,opr11dyin_android_productionfluency_010000283,-1,-1,-1
37855,opr11dyin_android_productionfluency_010000284,-1,-1,-1
38044,opr11dyin_android_productionfluency_010000285,-1,-1,-1
38151,opr11dyin_android_productionfluency_010000286,-1,-1,-1
38255,opr11dyin_android_productionfluency_010000287,-1,-1,-1
38358,opr11dyin_android_productionfluency_010000288,-1,-1,-1
38462,opr11dyin_android_productionfluency_010000289,-1,-1,-1
38571,opr11dyin_android_productionfluency_010000290,-1,-1,-1
38679,opr11dyin_android_productionfluency_010000291,-1,-1,-1
38785,opr11dyin_android_productionfluency_010000292,-1,-1,-1
38888,opr11dyin_android_productionfluency_010000293,-1,-1,-1
38950,opr11dyin_android_productionfluency_010000294,-1,-1,-1
39054,opr11dyin_android_productionfluency_010000295,-1,-1,-1
39117,opr11dyin_android_productionfluency_010000296,-1,-1,-1
39196,opr11dyin_android_productionfluency_010000297,-1,-1,-1
39362,opr11dyin_android_productionfluency_010000298,-1,-1,-1
39493,opr11dyin_android_productionfluency_010000299,-1,-1,-1
39597,opr11dyin_android_productionfluency_010000300,-1,-1,-1
39702,opr11dyin_android_productionfluency_010000301,-1,-1,-1
39763,opr11dyin_android_productionfluency_010000302,-1,-1,-1
39826,opr11dyin_android_productionfluency_010000303,-1,-1,-1
39887,opr11dyin_android_productionfluency_010000304,-1,-1,-1
39949,opr11dyin_android_productionfluency_010000305,-1,-1,-1
40009,opr11dyin_android_productionfluency_010000306,-1,-1,-1
40070,opr11dyin_android_productionfluency_010000307,-1,-1,-1
40129,opr11dyin_android_productionfluency_010000308,-1,-1,-1
40189,opr11dyin_android_productionfluency_010000309,-1,-1,-1
40251,opr11dyin_android_productionfluency_010000310,-1,-1,-1
40310,opr11dyin_android_productionfluency_010000311,-1,-1,-1
40371,opr11dyin_android_productionfluency_010000312,-1,-1,-1
40433,opr11dyin_android_productionfluency_010000313,-1,-1,-1
40494,opr11dyin_android_productionfluency_010000314,-1,-1,-1
40558,opr11dyin_android_productionfluency_010000315,-1,-1,-1
40620,opr11dyin_android_productionfluency_010000316,-1,-1,-1
40681,opr11dyin_android_productionfluency_010000317,-1,-1,-1
40742,opr11dyin_android_productionfluency_010000318,-1,-1,-1
40803,opr11dyin_android_productionfluency_010000319,-1,-1,-1
40865,opr11dyin_android_productionfluency_010000320,-1,-1,-1
40926,opr11dyin_android_productionfluency_010000321,-1,-1,-1
40987,opr11dyin_android_productionfluency_010000322,-1,-1,-1
41045,opr11dyin_android_productionfluency_010000323,-1,-1,-1
41105,opr11dyin_android_productionfluency_010000324,-1,-1,-1
41163,opr11dyin_android_productionfluency_010000325,-1,-1,-1
41224,opr11dyin_android_productionfluency_010000326,-1,-1,-1
41285,opr11dyin_android_productionfluency_010000327,-1,-1,-1
41344,opr11dyin_android_productionfluency_010000328,-1,-1,-1
41403,opr11dyin_android_productionfluency_010000329,-1,-1,-1
41461,opr11dyin_android_productionfluency_010000330,-1,-1,-1
41521,opr11dyin_android_productionfluency_010000331,-1,-1,-1
41585,opr11dyin_android_productionfluency_010000332,-1,-1,-1
41653,opr11dyin_android_productionfluency_010000333,-1,-1,-1
41711,opr11dyin_android_productionfluency_010000334,-1,-1,-1
41771,opr11dyin_android_productionfluency_010000335,-1,-1,-1
41829,opr11dyin_android_productionfluency_010000336,-1,-1,-1
41889,opr11dyin_android_productionfluency_010000337,-1,-1,-1
41951,opr11dyin_android_productionfluency_010000338,-1,-1,-1
42010,opr11dyin_android_productionfluency_010000339,-1,-1,-1
42072,opr11dyin_android_productionfluency_010000340,-1,-1,-1
42130,opr11dyin_android_productionfluency_010000341,-1,-1,-1
42189,opr11dyin_android_productionfluency_010000342,-1,-1,-1
42249,opr11dyin_android_productionfluency_010000343,-1,-1,-1
42312,opr11dyin_android_productionfluency_010000344,-1,-1,-1
42372,opr11dyin_android_productionfluency_010000345,-1,-1,-1
42435,opr11dyin_android_productionfluency_010000346,-1,-1,-1
42494,opr11dyin_android_productionfluency_010000347,-1,-1,-1
42556,opr11dyin_android_productionfluency_010000348,-1,-1,-1
42614,opr11dyin_android_productionfluency_010000349,-1,-1,-1
42673,opr11dyin_android_productionfluency_010000350,-1,-1,-1
42734,opr11dyin_android_productionfluency_010000351,-1,-1,-1
42795,opr11dyin_android_productionfluency_010000352,-1,-1,-1
42857,opr11dyin_android_productionfluency_010000353,-1,-1,-1
42921,opr11dyin_android_productionfluency_010000354,-1,-1,-1
42985,opr11dyin_android_productionfluency_010000355,-1,-1,-1
43049,opr11dyin_android_productionfluency_010000356,-1,-1,-1
43112,opr11dyin_android_productionfluency_010000357,-1,-1,-1
43176,opr11dyin_android_productionfluency_010000358,-1,-1,-1
43239,opr11dyin_android_productionfluency_010000359,-1,-1,-1
43297,opr11dyin_android_productionfluency_010000360,-1,-1,-1
43397,opr11dyin_android_productionfluency_010000361,-1,-1,-1
43459,opr11dyin_android_productionfluency_010000362,-1,-1,-1
43519,opr11dyin_android_productionfluency_010000363,-1,-1,-1
43579,opr11dyin_android_productionfluency_010000364,-1,-1,-1
43643,opr11dyin_android_productionfluency_010000365,-1,-1,-1
43705,opr11dyin_android_productionfluency_010000366,-1,-1,-1
43769,opr11dyin_android_productionfluency_010000367,-1,-1,-1
43831,opr11dyin_android_productionfluency_010000368,-1,-1,-1
43895,opr11dyin_android_productionfluency_010000369,-1,-1,-1
43958,opr11dyin_android_productionfluency_010000370,-1,-1,-1
44032,opr11dyin_android_productionfluency_010000371,-1,-1,-1
44100,opr11dyin_android_productionfluency_010000372,-1,-1,-1
44161,opr11dyin_android_productionfluency_010000373,-1,-1,-1
44220,opr11dyin_android_productionfluency_010000374,-1,-1,-1
44279,opr11dyin_android_productionfluency_010000375,-1,-1,-1
44336,opr11dyin_android_productionfluency_010000376,-1,-1,-1
44396,opr11dyin_android_productionfluency_010000377,-1,-1,-1
44454,opr11dyin_android_productionfluency_010000378,-1,-1,-1
44515,opr11dyin_android_productionfluency_010000379,-1,-1,-1
44576,opr11dyin_android_productionfluency_010000380,-1,-1,-1
44685,opr11dyin_android_productionfluency_010000381,-1,-1,-1
44871,opr11dyin_android_productionfluency_010000382,-1,-1,-1
45055,opr11dyin_android_productionfluency_010000383,-1,-1,-1
45239,opr11dyin_android_productionfluency_010000384,-1,-1,-1
45426,opr11dyin_android_productionfluency_010000385,-1,-1,-1
45611,opr11dyin_android_productionfluency_010000386,-1,-1,-1
45762,opr11dyin_android_productionfluency_010000387,-1,-1,-1
45915,opr11dyin_android_productionfluency_010000388,-1,-1,-1
46063,opr11dyin_android_productionfluency_010000389,-1,-1,-1
46170,opr11dyin_android_productionfluency_010000390,-1,-1,-1
46277,opr11dyin_android_productionfluency_010000391,-1,-1,-1
46385,opr11dyin_android_productionfluency_010000392,-1,-1,-1
46492,opr11dyin_android_productionfluency_010000393,-1,-1,-1
46600,opr11dyin_android_productionfluency_010000394,-1,-1,-1
46707,opr11dyin_android_productionfluency_010000395,-1,-1,-1
46813,opr11dyin_android_productionfluency_010000396,-1,-1,-1
46920,opr11dyin_android_productionfluency_010000397,-1,-1,-1
47024,opr11dyin_android_productionfluency_010000398,-1,-1,-1
47130,opr11dyin_android_productionfluency_010000399,-1,-1,-1
47235,opr11dyin_android_productionfluency_010000400,-1,-1,-1
47340,opr11dyin_android_productionfluency_010000401,-1,-1,-1
47445,opr11dyin_android_productionfluency_010000402,-1,-1,-1
47508,opr11dyin_android_productionfluency_010000403,-1,-1,-1
47613,opr11dyin_android_productionfluency_010000404,-1,-1,-1
47719,opr11dyin_android_productionfluency_010000405,-1,-1,-1
47823,opr11dyin_android_productionfluency_010000406,-1,-1,-1
47928,opr11dyin_android_productionfluency_010000407,-1,-1,-1
47991,opr11dyin_android_productionfluency_010000408,-1,-1,-1
48055,opr11dyin_android_productionfluency_010000409,-1,-1,-1
48159,opr11dyin_android_productionfluency_010000410,-1,-1,-1
48223,opr11dyin_android_productionfluency_010000411,-1,-1,-1
48285,opr11dyin_android_productionfluency_010000412,-1,-1,-1
48349,opr11dyin_android_productionfluency_010000413,-1,-1,-1
48454,opr11dyin_android_productionfluency_010000414,-1,-1,-1
48519,opr11dyin_android_productionfluency_010000415,-1,-1,-1
48624,opr11dyin_android_productionfluency_010000416,-1,-1,-1
48686,opr11dyin_android_productionfluency_010000417,-1,-1,-1
48751,opr11dyin_android_productionfluency_010000418,-1,-1,-1
48815,opr11dyin_android_productionfluency_010000419,-1,-1,-1
48919,opr11dyin_android_productionfluency_010000420,-1,-1,-1
49024,opr11dyin_android_productionfluency_010000421,-1,-1,-1
49130,opr11dyin_android_productionfluency_010000422,-1,-1,-1
49237,opr11dyin_android_productionfluency_010000423,-1,-1,-1
49345,opr11dyin_android_productionfluency_010000424,-1,-1,-1
49452,opr11dyin_android_productionfluency_010000425,-1,-1,-1
49558,opr11dyin_android_productionfluency_010000426,-1,-1,-1
49661,opr11dyin_android_productionfluency_010000427,-1,-1,-1
49767,opr11dyin_android_productionfluency_010000428,-1,-1,-1
49880,opr11dyin_android_productionfluency_010000429,-1,-1,-1
49995,opr11dyin_android_productionfluency_010000430,-1,-1,-1
50099,opr11dyin_android_productionfluency_010000431,-1,-1,-1
50202,opr11dyin_android_productionfluency_010000432,-1,-1,-1
50305,opr11dyin_android_productionfluency_010000433,-1,-1,-1
50409,opr11dyin_android_productionfluency_010000434,-1,-1,-1
50514,opr11dyin_android_productionfluency_010000435,-1,-1,-1
50619,opr11dyin_android_productionfluency_010000436,-1,-1,-1
50726,opr11dyin_android_productionfluency_010000437,-1,-1,-1
50787,opr11dyin_android_productionfluency_010000438,-1,-1,-1
50894,opr11dyin_android_productionfluency_010000439,-1,-1,-1
50996,opr11dyin_android_productionfluency_010000440,-1,-1,-1
51099,opr11dyin_android_productionfluency_010000441,-1,-1,-1
51203,opr11dyin_android_productionfluency_010000442,-1,-1,-1
51308,opr11dyin_android_productionfluency_010000443,-1,-1,-1
51413,opr11dyin_android_productionfluency_010000444,-1,-1,-1
51518,opr11dyin_android_productionfluency_010000445,-1,-1,-1
51623,opr11dyin_android_productionfluency_010000446,-1,-1,-1
51733,opr11dyin_android_productionfluency_010000447,-1,-1,-1
51798,opr11dyin_android_productionfluency_010000448,-1,-1,-1
51862,opr11dyin_android_productionfluency_010000449,-1,-1,-1
51972,opr11dyin_android_productionfluency_010000450,-1,-1,-1
52081,opr11dyin_android_productionfluency_010000451,-1,-1,-1
52183,opr11dyin_android_productionfluency_010000452,-1,-1,-1
52288,opr11dyin_android_productionfluency_010000453,-1,-1,-1
52397,opr11dyin_android_productionfluency_010000454,-1,-1,-1
52503,opr11dyin_android_productionfluency_010000455,-1,-1,-1
52609,opr11dyin_android_productionfluency_010000456,-1,-1,-1
52715,opr11dyin_android_productionfluency_010000457,-1,-1,-1
52779,opr11dyin_android_productionfluency_010000458,-1,-1,-1
52843,opr11dyin_android_productionfluency_010000459,-1,-1,-1
52945,opr11dyin_android_productionfluency_010000460,-1,-1,-1
53045,opr11dyin_android_productionfluency_010000461,-1,-1,-1
53149,opr11dyin_android_productionfluency_010000462,-1,-1,-1
53249,opr11dyin_android_productionfluency_010000463,-1,-1,-1
53352,opr11dyin_android_productionfluency_010000464,-1,-1,-1
53461,opr11dyin_android_productionfluency_010000465,-1,-1,-1
53566,opr11dyin_android_productionfluency_010000466,-1,-1,-1
53670,opr11dyin_android_productionfluency_010000467,-1,-1,-1
53775,opr11dyin_android_productionfluency_010000468,-1,-1,-1
53881,opr11dyin_android_productionfluency_010000469,-1,-1,-1
53989,opr11dyin_android_productionfluency_010000470,-1,-1,-1
54101,opr11dyin_android_productionfluency_010000471,-1,-1,-1
54208,opr11dyin_android_productionfluency_010000472,-1,-1,-1
54315,opr11dyin_android_productionfluency_010000473,-1,-1,-1
54417,opr11dyin_android_productionfluency_010000474,-1,-1,-1
54518,opr11dyin_android_productionfluency_010000475,-1,-1,-1
54620,opr11dyin_android_productionfluency_010000476,-1,-1,-1
54722,opr11dyin_android_productionfluency_010000477,-1,-1,-1
54781,opr11dyin_android_productionfluency_010000478,-1,-1,-1
54844,opr11dyin_android_productionfluency_010000479,-1,-1,-1
54906,opr11dyin_android_productionfluency_010000480,-1,-1,-1
55010,opr11dyin_android_productionfluency_010000481,-1,-1,-1
55115,opr11dyin_android_productionfluency_010000482,-1,-1,-1
55220,opr11dyin_android_productionfluency_010000483,-1,-1,-1
55325,opr11dyin_android_productionfluency_010000484,-1,-1,-1
55428,opr11dyin_android_productionfluency_010000485,-1,-1,-1
55534,opr11dyin_android_productionfluency_010000486,-1,-1,-1
55637,opr11dyin_android_productionfluency_010000487,-1,-1,-1
55701,opr11dyin_android_productionfluency_010000488,-1,-1,-1
55766,opr11dyin_android_productionfluency_010000489,-1,-1,-1
55870,opr11dyin_android_productionfluency_010000490,-1,-1,-1
55972,opr11dyin_android_productionfluency_010000491,-1,-1,-1
56076,opr11dyin_android_productionfluency_010000492,-1,-1,-1
56182,opr11dyin_android_productionfluency_010000493,-1,-1,-1
56286,opr11dyin_android_productionfluency_010000494,-1,-1,-1
56392,opr11dyin_android_productionfluency_010000495,-1,-1,-1
56498,opr11dyin_android_productionfluency_010000496,-1,-1,-1
56601,opr11dyin_android_productionfluency_010000497,-1,-1,-1
56707,opr11dyin_android_productionfluency_010000498,-1,-1,-1
56813,opr11dyin_android_productionfluency_010000499,-1,-1,-1
56876,opr11dyin_android_productionfluency_010000500,-1,-1,-1
56941,opr11dyin_android_productionfluency_010000501,-1,-1,-1
57046,opr11dyin_android_productionfluency_010000502,-1,-1,-1
57151,opr11dyin_android_productionfluency_010000503,-1,-1,-1
57256,opr11dyin_android_productionfluency_010000504,-1,-1,-1
57361,opr11dyin_android_productionfluency_010000505,-1,-1,-1
57464,opr11dyin_android_productionfluency_010000506,-1,-1,-1
57566,opr11dyin_android_productionfluency_010000507,-1,-1,-1
57668,opr11dyin_android_productionfluency_010000508,-1,-1,-1
57730,opr11dyin_android_productionfluency_010000509,-1,-1,-1
57792,opr11dyin_android_productionfluency_010000510,-1,-1,-1
57894,opr11dyin_android_productionfluency_010000511,-1,-1,-1
57996,opr11dyin_android_productionfluency_010000512,-1,-1,-1
58098,opr11dyin_android_productionfluency_010000513,-1,-1,-1
58202,opr11dyin_android_productionfluency_010000514,-1,-1,-1
58263,opr11dyin_android_productionfluency_010000515,-1,-1,-1
58365,opr11dyin_android_productionfluency_010000516,-1,-1,-1
58469,opr11dyin_android_productionfluency_010000517,-1,-1,-1
58571,opr11dyin_android_productionfluency_010000518,-1,-1,-1
58672,opr11dyin_android_productionfluency_010000519,-1,-1,-1
58773,opr11dyin_android_productionfluency_010000520,-1,-1,-1
58833,opr11dyin_android_productionfluency_010000521,-1,-1,-1
58895,opr11dyin_android_productionfluency_010000522,-1,-1,-1
59011,opr11dyin_android_productionfluency_010000523,-1,-1,-1
59122,opr11dyin_android_productionfluency_010000524,-1,-1,-1
59223,opr11dyin_android_productionfluency_010000525,-1,-1,-1
59326,opr11dyin_android_productionfluency_010000526,-1,-1,-1
59428,opr11dyin_android_productionfluency_010000527,-1,-1,-1
59530,opr11dyin_android_productionfluency_010000528,-1,-1,-1
59677,opr11dyin_android_productionfluency_010000529,-1,-1,-1
59822,opr11dyin_android_productionfluency_010000530,-1,-1,-1
59967,opr11dyin_android_productionfluency_010000531,-1,-1,-1
60149,opr11dyin_android_productionfluency_010000532,-1,-1,-1
60335,opr11dyin_android_productionfluency_010000533,-1,-1,-1
60519,opr11dyin_android_productionfluency_010000534,-1,-1,-1
60705,opr11dyin_android_productionfluency_010000535,-1,-1,-1
60887,opr11dyin_android_productionfluency_010000536,-1,-1,-1
60991,opr11dyin_android_productionfluency_010000537,-1,-1,-1
61096,opr11dyin_android_productionfluency_010000538,-1,-1,-1
61201,opr11dyin_android_productionfluency_010000539,-1,-1,-1
61305,opr11dyin_android_productionfluency_010000540,-1,-1,-1
61409,opr11dyin_android_productionfluency_010000541,-1,-1,-1
61513,opr11dyin_android_productionfluency_010000542,-1,-1,-1
61617,opr11dyin_android_productionfluency_010000543,-1,-1,-1
61720,opr11dyin_android_productionfluency_010000544,-1,-1,-1
61822,opr11dyin_android_productionfluency_010000545,-1,-1,-1
61924,opr11dyin_android_productionfluency_010000546,-1,-1,-1
62026,opr11dyin_android_productionfluency_010000547,-1,-1,-1
62127,opr11dyin_android_productionfluency_010000548,-1,-1,-1
62230,opr11dyin_android_productionfluency_010000549,-1,-1,-1
62335,opr11dyin_android_productionfluency_010000550,-1,-1,-1
62447,opr11dyin_android_productionfluency_010000551,-1,-1,-1
62550,opr11dyin_android_productionfluency_010000552,-1,-1,-1
62654,opr11dyin_android_productionfluency_010000553,-1,-1,-1
62758,opr11dyin_android_productionfluency_010000554,-1,-1,-1
62860,opr11dyin_android_productionfluency_010000555,-1,-1,-1
62962,opr11dyin_android_productionfluency_010000556,-1,-1,-1
63065,opr11dyin_android_productionfluency_010000557,-1,-1,-1
63167,opr11dyin_android_productionfluency_010000558,-1,-1,-1
63270,opr11dyin_android_productionfluency_010000559,-1,-1,-1
63374,opr11dyin_android_productionfluency_010000560,-1,-1,-1
63477,opr11dyin_android_productionfluency_010000561,-1,-1,-1
63593,opr11dyin_android_productionfluency_010000562,-1,-1,-1
63695,opr11dyin_android_productionfluency_010000563,-1,-1,-1
63799,opr11dyin_android_productionfluency_010000564,-1,-1,-1
63978,opr11dyin_android_productionfluency_010000565,-1,-1,-1
64156,opr11dyin_android_productionfluency_010000566,-1,-1,-1
64299,opr11dyin_android_productionfluency_010000567,-1,-1,-1
64444,opr11dyin_android_productionfluency_010000568,-1,-1,-1
64544,opr11dyin_android_productionfluency_010000569,-1,-1,-1
64649,opr11dyin_android_productionfluency_010000570,-1,-1,-1
64754,opr11dyin_android_productionfluency_010000571,-1,-1,-1
64859,opr11dyin_android_productionfluency_010000572,-1,-1,-1
64962,opr11dyin_android_productionfluency_010000573,-1,-1,-1
65062,opr11dyin_android_productionfluency_010000574,-1,-1,-1
65167,opr11dyin_android_productionfluency_010000575,-1,-1,-1
65273,opr11dyin_android_productionfluency_010000576,-1,-1,-1
65380,opr11dyin_android_productionfluency_010000577,-1,-1,-1
65493,opr11dyin_android_productionfluency_010000578,-1,-1,-1
65597,opr11dyin_android_productionfluency_010000579,-1,-1,-1
65703,opr11dyin_android_productionfluency_010000580,-1,-1,-1
65810,opr11dyin_android_productionfluency_010000581,-1,-1,-1
65915,opr11dyin_android_productionfluency_010000582,-1,-1,-1
66018,opr11dyin_android_productionfluency_010000583,-1,-1,-1
66094,opr11dyin_android_productionfluency_010000584,-1,-1,-1
66165,opr11dyin_android_productionfluency_010000585,-1,-1,-1
66276,opr11dyin_android_productionfluency_010000586,-1,-1,-1
66377,opr11dyin_android_productionfluency_010000587,-1,-1,-1
66480,opr11dyin_android_productionfluency_010000588,-1,-1,-1
66545,opr11dyin_android_productionfluency_010000589,-1,-1,-1
66617,opr11dyin_android_productionfluency_010000590,-1,-1,-1
66724,opr11dyin_android_productionfluency_010000591,-1,-1,-1
66831,opr11dyin_android_productionfluency_010000592,-1,-1,-1
66934,opr11dyin_android_productionfluency_010000593,-1,-1,-1
67037,opr11dyin_android_productionfluency_010000594,-1,-1,-1
67143,opr11dyin_android_productionfluency_010000595,-1,-1,-1
67248,opr11dyin_android_productionfluency_010000596,-1,-1,-1
67352,opr11dyin_android_productionfluency_010000597,-1,-1,-1
67457,opr11dyin_android_productionfluency_010000598,-1,-1,-1
67519,opr11dyin_android_productionfluency_010000599,-1,-1,-1
67580,opr11dyin_android_productionfluency_010000600,-1,-1,-1
67686,opr11dyin_android_productionfluency_010000601,-1,-1,-1
67790,opr11dyin_android_productionfluency_010000602,-1,-1,-1
67850,opr11dyin_android_productionfluency_010000603,-1,-1,-1
67911,opr11dyin_android_productionfluency_010000604,-1,-1,-1
67983,opr11dyin_android_productionfluency_010000605,-1,-1,-1
68052,opr11dyin_android_productionfluency_010000606,-1,-1,-1
68113,opr11dyin_android_productionfluency_010000607,-1,-1,-1
68174,opr11dyin_android_productionfluency_010000608,-1,-1,-1
68233,opr11dyin_android_productionfluency_010000609,-1,-1,-1
68293,opr11dyin_android_productionfluency_010000610,-1,-1,-1
68353,opr11dyin_android_productionfluency_010000611,-1,-1,-1
68414,opr11dyin_android_productionfluency_010000612,-1,-1,-1
68477,opr11dyin_android_productionfluency_010000613,-1,-1,-1
68542,opr11dyin_android_productionfluency_010000614,-1,-1,-1
68604,opr11dyin_android_productionfluency_010000615,-1,-1,-1
68667,opr11dyin_android_productionfluency_010000616,-1,-1,-1
68730,opr11dyin_android_productionfluency_010000617,-1,-1,-1
68792,opr11dyin_android_productionfluency_010000618,-1,-1,-1
68852,opr11dyin_android_productionfluency_010000619,-1,-1,-1
68912,opr11dyin_android_productionfluency_010000620,-1,-1,-1
68974,opr11dyin_android_productionfluency_010000621,-1,-1,-1
69037,opr11dyin_android_productionfluency_010000622,-1,-1,-1
69101,opr11dyin_android_productionfluency_010000623,-1,-1,-1
69160,opr11dyin_android_productionfluency_010000624,-1,-1,-1
69219,opr11dyin_android_productionfluency_010000625,-1,-1,-1
69280,opr11dyin_android_productionfluency_010000626,-1,-1,-1
69340,opr11dyin_android_productionfluency_010000627,-1,-1,-1
69399,opr11dyin_android_productionfluency_010000628,-1,-1,-1
69459,opr11dyin_android_productionfluency_010000629,-1,-1,-1
69519,opr11dyin_android_productionfluency_010000630,-1,-1,-1
69580,opr11dyin_android_productionfluency_010000631,-1,-1,-1
69642,opr11dyin_android_productionfluency_010000632,-1,-1,-1
69708,opr11dyin_android_productionfluency_010000633,-1,-1,-1
69769,opr11dyin_android_productionfluency_010000634,-1,-1,-1
69828,opr11dyin_android_productionfluency_010000635,-1,-1,-1
69889,opr11dyin_android_productionfluency_010000636,-1,-1,-1
69949,opr11dyin_android_productionfluency_010000637,-1,-1,-1
70010,opr11dyin_android_productionfluency_010000638,-1,-1,-1
70071,opr11dyin_android_productionfluency_010000639,-1,-1,-1
70132,opr11dyin_android_productionfluency_010000640,-1,-1,-1
70193,opr11dyin_android_productionfluency_010000641,-1,-1,-1
70254,opr11dyin_android_productionfluency_010000642,-1,-1,-1
70315,opr11dyin_android_productionfluency_010000643,-1,-1,-1
70375,opr11dyin_android_productionfluency_010000644,-1,-1,-1
70435,opr11dyin_android_productionfluency_010000645,-1,-1,-1
70495,opr11dyin_android_productionfluency_010000646,-1,-1,-1
70557,opr11dyin_android_productionfluency_010000647,-1,-1,-1
70615,opr11dyin_android_productionfluency_010000648,-1,-1,-1
70675,opr11dyin_android_productionfluency_010000649,-1,-1,-1
70733,opr11dyin_android_productionfluency_010000650,-1,-1,-1
70793,opr11dyin_android_productionfluency_010000651,-1,-1,-1
70852,opr11dyin_android_productionfluency_010000652,-1,-1,-1
70910,opr11dyin_android_productionfluency_010000653,-1,-1,-1
70969,opr11dyin_android_productionfluency_010000654,-1,-1,-1
71028,opr11dyin_android_productionfluency_010000655,-1,-1,-1
71086,opr11dyin_android_productionfluency_010000656,-1,-1,-1
71144,opr11dyin_android_productionfluency_010000657,-1,-1,-1
71202,opr11dyin_android_productionfluency_010000658,-1,-1,-1
71261,opr11dyin_android_productionfluency_010000659,-1,-1,-1
71319,opr11dyin_android_productionfluency_010000660,-1,-1,-1
71378,opr11dyin_android_productionfluency_010000661,-1,-1,-1
71436,opr11dyin_android_productionfluency_010000662,-1,-1,-1
71496,opr11dyin_android_productionfluency_010000663,-1,-1,-1
71555,opr11dyin_android_productionfluency_010000664,-1,-1,-1
71614,opr11dyin_android_productionfluency_010000665,-1,-1,-1
71673,opr11dyin_android_productionfluency_010000666,-1,-1,-1
71732,opr11dyin_android_productionfluency_010000667,-1,-1,-1
71792,opr11dyin_android_productionfluency_010000668,-1,-1,-1
71850,opr11dyin_android_productionfluency_010000669,-1,-1,-1
71910,opr11dyin_android_productionfluency_010000670,-1,-1,-1
71967,opr11dyin_android_productionfluency_010000671,-1,-1,-1
72040,opr11dyin_android_productionfluency_010000672,-1,-1,-1
72100,opr11dyin_android_productionfluency_010000673,-1,-1,-1
72166,opr11dyin_android_productionfluency_010000674,-1,-1,-1
72227,opr11dyin_android_productionfluency_010000675,-1,-1,-1
72285,opr11dyin_android_productionfluency_010000676,-1,-1,-1
72345,opr11dyin_android_productionfluency_010000677,-1,-1,-1
72403,opr11dyin_android_productionfluency_010000678,-1,-1,-1
72462,opr11dyin_android_productionfluency_010000679,-1,-1,-1
72519,opr11dyin_android_productionfluency_010000680,-1,-1,-1
72579,opr11dyin_android_productionfluency_010000681,-1,-1,-1
72636,opr11dyin_android_productionfluency_010000682,-1,-1,-1
72695,opr11dyin_android_productionfluency_010000683,-1,-1,-1
72759,opr11dyin_android_productionfluency_010000684,-1,-1,-1
72819,opr11dyin_android_productionfluency_010000685,-1,-1,-1
72878,opr11dyin_android_productionfluency_010000686,-1,-1,-1
72936,opr11dyin_android_productionfluency_010000687,-1,-1,-1
72995,opr11dyin_android_productionfluency_010000688,-1,-1,-1
73052,opr11dyin_android_productionfluency_010000689,-1,-1,-1
73113,opr11dyin_android_productionfluency_010000690,-1,-1,-1
73173,opr11dyin_android_productionfluency_010000691,-1,-1,-1
73233,opr11dyin_android_productionfluency_010000692,-1,-1,-1
73291,opr11dyin_android_productionfluency_010000693,-1,-1,-1
73350,opr11dyin_android_productionfluency_010000694,-1,-1,-1
73407,opr11dyin_android_productionfluency_010000695,-1,-1,-1
73486,opr11dyin_android_productionfluency_010000696,-1,-1,-1
73549,opr11dyin_android_productionfluency_010000697,-1,-1,-1
73610,opr11dyin_android_productionfluency_010000698,-1,-1,-1
73680,opr11dyin_android_productionfluency_010000699,-1,-1,-1
73752,opr11dyin_android_productionfluency_010000700,-1,-1,-1
73822,opr11dyin_android_productionfluency_010000701,-1,-1,-1
73892,opr11dyin_android_productionfluency_010000702,-1,-1,-1
73952,opr11dyin_android_productionfluency_010000703,-1,-1,-1
74013,opr11dyin_android_productionfluency_010000704,-1,-1,-1
74076,opr11dyin_android_productionfluency_010000705,-1,-1,-1
74138,opr11dyin_android_productionfluency_010000706,-1,-1,-1
74199,opr11dyin_android_productionfluency_010000707,-1,-1,-1
74261,opr11dyin_android_productionfluency_010000708,-1,-1,-1
74323,opr11dyin_android_productionfluency_010000709,-1,-1,-1
74385,opr11dyin_android_productionfluency_010000710,-1,-1,-1
74446,opr11dyin_android_productionfluency_010000711,-1,-1,-1
74507,opr11dyin_android_productionfluency_010000712,-1,-1,-1
74570,opr11dyin_android_productionfluency_010000713,-1,-1,-1
74633,opr11dyin_android_productionfluency_010000714,-1,-1,-1
74695,opr11dyin_android_productionfluency_010000715,-1,-1,-1
74755,opr11dyin_android_productionfluency_010000716,-1,-1,-1
74853,opr11dyin_android_productionfluency_010000717,-1,-1,-1
74915,opr11dyin_android_productionfluency_010000718,-1,-1,-1
74973,opr11dyin_android_productionfluency_010000719,-1,-1,-1
75033,opr11dyin_android_productionfluency_010000720,-1,-1,-1
75094,opr11dyin_android_productionfluency_010000721,-1,-1,-1
75157,opr11dyin_android_productionfluency_010000722,-1,-1,-1
75226,opr11dyin_android_productionfluency_010000723,-1,-1,-1
75308,opr11dyin_android_productionfluency_010000724,-1,-1,-1
75371,opr11dyin_android_productionfluency_010000725,-1,-1,-1
75434,opr11dyin_android_productionfluency_010000726,-1,-1,-1
75499,opr11dyin_android_productionfluency_010000727,-1,-1,-1
75565,opr11dyin_android_productionfluency_010000728,-1,-1,-1
75651,opr11dyin_android_productionfluency_010000729,-1,-1,-1
75727,opr11dyin_android_productionfluency_010000730,-1,-1,-1
75794,opr11dyin_android_productionfluency_010000731,-1,-1,-1
75857,opr11dyin_android_productionfluency_010000732,-1,-1,-1
75917,opr11dyin_android_productionfluency_010000733,-1,-1,-1
75976,opr11dyin_android_productionfluency_010000734,-1,-1,-1
76043,opr11dyin_android_productionfluency_010000735,-1,-1,-1
76103,opr11dyin_android_productionfluency_010000736,-1,-1,-1
76163,opr11dyin_android_productionfluency_010000737,-1,-1,-1
76223,opr11dyin_android_productionfluency_010000738,-1,-1,-1
76284,opr11dyin_android_productionfluency_010000739,-1,-1,-1
76352,opr11dyin_android_productionfluency_010000740,-1,-1,-1
76416,opr11dyin_android_productionfluency_010000741,-1,-1,-1
76480,opr11dyin_android_productionfluency_010000742,-1,-1,-1
76539,opr11dyin_android_productionfluency_010000743,-1,-1,-1
76600,opr11dyin_android_productionfluency_010000744,-1,-1,-1
76659,opr11dyin_android_productionfluency_010000745,-1,-1,-1
76718,opr11dyin_android_productionfluency_010000746,-1,-1,-1
76776,opr11dyin_android_productionfluency_010000747,-1,-1,-1
76836,opr11dyin_android_productionfluency_010000748,-1,-1,-1
76900,opr11dyin_android_productionfluency_010000749,-1,-1,-1
76968,opr11dyin_android_productionfluency_010000750,-1,-1,-1
77029,opr11dyin_android_productionfluency_010000751,-1,-1,-1
77091,opr11dyin_android_productionfluency_010000752,-1,-1,-1
77152,opr11dyin_android_productionfluency_010000753,-1,-1,-1
77214,opr11dyin_android_productionfluency_010000754,-1,-1,-1
77275,opr11dyin_android_productionfluency_010000755,-1,-1,-1
77334,opr11dyin_android_productionfluency_010000756,-1,-1,-1
